,sharp,avg_return,max_drawdown,win_rate,calmar,volatility
"(170,45)",0.564307,0.0458,-23.2294,0.53602,0.200347,0.127486
"(252,63)",0.499195,0.0409,-29.791400000000003,0.531816,0.141065,0.13354
"(252,63)",0.497184,0.0408,-29.8285,0.531577,0.140388,0.133416
"(252,63)",0.468663,0.0493,-50.1696,0.52645,0.086948,0.152261
